1800 Reposado,$28.54 
Aberlour 16 yrs,$47.75 
Absolut 375ml,$10.00 
Absolut Apeach 1L,$0.00 
ABSOLUT CITRON,$24.60 
Absolut Kurant 1L,$21.27 
Absolut Mandrin 1L,$24.15 
Absolut Mango,$25.20 
Absolut Peppar 1L,$23.37 
Absolut Raspberri 1L,$21.49 
Absolut Ruby Red 1L,$0.00 
ABSOLUT VANILA,$24.60 
ABSOLUT VODKA,$24.60 
Absolute Pears 1L,$24.69 
Alexander Valley Cabernet Reserve,$28.80 
Alexander Valley Estate Cabernet,$11.40 
Alexander Valley Estate Chardonnay,$9.80 
Alexander Valley School Zinfandel ,$41.87 
Alexander Valley SinZin Zinfandel 00,$11.40 
Alexander Valley Syrah,$9.80 
Amaretto di Saronno 1L,$23.63 
Amstel Light 12oz Btl,$1.17 
amsterdam gin ,$10.34 
Angostura Bitters 10oz,$8.99 
Angostura Orange Bitters,$7.00 
AVV Cyrus,$39.00 
Bacardi Dragon Berry ,$17.15 
Bacardi Gold 1L,$14.82 
Bacardi Limon 1L,$16.75 
Bacardi Superior Light 1L,$14.33 
Bacardi White 375ml,$5.04 
Baileys Irish Cream 1L,$24.55 
Baileys Irish Cream 50ml,$0.75 
Baileys Irish Creme 375ml,$12.89 
Bakers Bourbon 750ml,$30.55 
Ballantines Gold 12yr,$19.23 
Balvenie 15yr Single Barrel 750ml,$54.97 
Balvenie Portwood 21yr 750ml,$144.53 
Banfi Centine Rose Toscana,$7.50 
banfi chianti 1liter,$12.60 
Basil Hayden Bourbon 750ml,$29.00 
Bass Ale 12oz Btl,$1.20 
BECKER VINEYARDS,$7.10 
Beefeater Dry Gin 1L,$23.27 
Beefeater Gin 375ml,$9.75 
Belvedere Vodka 750ml,$25.71 
Benedictine 750ml,$30.03 
Bergmann Gruner Veltliner,$7.80 
BERINGER KNIGHT GALE,$18.20 
Beringer Knights Valley Cabernet,$17.50 
Beringer Napa Chardonnay,$8.50 
Beringer Napa Valley Port,$21.44 
Beringer Private Reserve Chardonnay,$24.75 
beringer white zinfandel,$3.90 
Bertani Amarone,$80.00 
Blue Moon 12oz Btl,$1.09 
Bollinger Brut Special Cuvee,$66.74 
Bols Sour Apple 1L,$9.99 
Bombay Dry Gin 1L,$21.55 
Bombay Sapphire 1L,$25.91 
Bombay Sapphire 750ml,$18.04 
bonterra sauv blanc,$10.49 
Bookers Bourbon 750ml,$35.99 
Bowmore 12yr Scotch 750ml,$42.97 
Brancott Reserve Sauvignon Blanc,$11.95 
Brown Ale real ale,$1.04 
Bud Light 12oz Btl,$0.85 
Bud Light 16oz Aluminum Btl,$1.26 
Budweiser 12oz Btl,$0.85 
Budweiser 16oz Aluminum Btl,$1.26 
Bushmills 1608 Smooth Irish Whiskey 750mL,$19.07 
bushmills black,$28.30 
BV Coastal Pinot Noir,$6.50 
Byron Santa Maria Valley Pinot Noir,$18.49 
Cakebread cellars cabernet sauvigon ,$54.74 
Cakebread Chardonnay,$30.74 
Campari 750ml,$24.24 
Campo Viejo,$15.95 
Campo Viejo crianza,$7.95 
Canadian Club 375ml,$6.32 
Canadian Club 6yr 1L,$15.89 
canvas cabernet savigon,$5.50 
canvas chardonnay,$5.50 
canvas melot,$5.50 
Canvas Pinot Grigio,$5.50 
Captain Morgan Spiced Rum 1L,$16.54 
Captain Morgan's Parrot Bay Mango Rum 750ml,$11.46 
Casa Lapostolle Chardonnay,$8.00 
Casa Lapostolle Cuvee Alexandre Merlot,$15.50 
Castello Banfi Chianti Classico Riserva,$12.00 
Castello Banfi San Angelo Pinot Grigio,$12.00 
Caymus Cabernet Sauvignon,$49.63 
Cazadores Reposada 1L,$34.14 
Ceretto Barolo Zonchera,$35.99 
Chambord 750ml,$22.77 
Chambord 750ml,$22.77 
Chandon Rose Brut,$14.25 
Chateau de Sancerre White,$12.00 
Chateau du Nozay Sancerre Blanc,$20.90 
Chateau La Nerthe,$38.50 
Chateau St Jean Cinq Cepages Cabernet,$33.00 
Chateau St Jean Merlot 99,$7.70 
Chateau St Jean Sonoma Chardonnay,$7.70 
Chateau St Jean Sonoma Pinot Noir,$15.00 
Chateau St Michelle Columbia Valley Merlot,$8.99 
Chateau Ste Michelle Columbia Valley Cabernet,$9.50 
Chateau Ste Michelle Columbia Valley Chardonnay,$6.99 
Chateau Ste Michelle Johannisberg Reisling,$6.50 
Chimney Rock Napa Stags Leap Cabernet,$44.09 
chivas 375ml,$13.92 
Chivas Regal 750ml,$25.05 
Chopin Potato Vodka,$29.19 
Christian Brothers Brandy 1L,$9.49 
Cinzano Dry Vermouth 750ml,$7.28 
Ciroc Vodka 1L,$34.21 
Clean Slate Riesling,$7.65 
Clos du Bois PG,$8.50 
Cloudy Bay sauvignon blanc,$19.00 
Cointreau 1L,$29.23 
Columbia Crest Grand Estates Merlot,$7.75 
Columbia Winery Cellarmaster's Riesling,$6.56 
conundrum white  wine,$18.73 
Coors Light 12oz Btl,$0.85 
Coors Original 12oz Btl,$0.73 
Corazon de Agave Blanco 750ml,$38.03 
Corona Extra 12oz Btl,$1.13 
courvoisier,$34.03 
courvoisier vsop,$32.06 
Cribari Marsala 1.5L,$7.30 
crown 375,$12.05 
Crown 375ml,$6.89 
CROWN ROYAL,$29.09 
Crown Royal Reserve 750ml,$32.69 
Cruzan Black Cherry Rum 1L,$10.90 
Cruzan Orange Rum 1L,$12.82 
Cruzan Pineapple Rum 1L,$12.82 
Cruzan Rum,$12.68 
Cruzan Rum Mango,$14.31 
Cuervo Gold 1L,$18.11 
Cuervo Gold 375ml,$9.22 
Cupcake Moscato D'Asti,$7.00 
Cutty Sark 1L,$20.96 
Cuvaison Napa Valley Carneros Pinot Noir 00,$21.50 
Dalmore 12 year,$38.10 
Dalmore 15,$28.42 
De Loach California Chardonnay,$8.00 
Deakin Estate Moscato,$5.00 
Deep Eddy Sweet Tea,$19.89 
DeKuyper Amaretto 1L,$7.67 
DeKuyper Anisette 1L,$7.32 
Dekuyper Blue Curacao,$7.97 
DeKuyper Butter Shots 1L,$9.99 
DeKuyper Cinnamon Schnapps 750ml,$7.67 
DeKuyper Creme de Almond 1L,$7.97 
DeKuyper Creme de Banana 1L,$7.97 
DeKuyper Creme de Cassis 1L,$7.97 
Dekuyper CrŠme de Cocoa Dark,$7.97 
DeKuyper Creme de Menthe Green 1L,$7.97 
Dekuyper Mango,$7.67 
DeKuyper Orange Curacao 1L,$9.48 
DeKuyper Peachtree Schnapps 1L,$9.99 
DeKuyper Pomegranate 1L,$9.99 
DeKuyper Sloe Gin 1L,$7.32 
DeKuyper Sour Apple Pucker 1L,$9.99 
DeKuyper Tropical Pineapple 1L,$7.67 
DeKuyper Watermelon Pucker 1L,$9.99 
DeLoach Pinot Noir,$8.50 
Dewar's White Label Scotch 1L,$24.93 
Dimple Pinch 15yr Scotch 750ml,$25.50 
Dolce ,$39.95 
Dom Perignon 1990,$140.00 
Domaine Chandon Brut,$14.00 
Domaine Chandon Pinot Noir 01,$21.00 
Domaine Drouhin Willamette Valley Pinot Noir,$33.24 
Dominus Napa 04,$92.00 
Don Julio Blanco 750ml,$39.02 
Dos Equis Lager 12oz Btl,$1.17 
Drambuie 1L,$33.92 
Dripping Springs Texas Vodka,$19.55 
Dry Creek Sonoma Heritage Clone Zinfandel,$11.20 
Drysack Medium,$12.06 
Duckhorn Cabernet Napa Valley,$47.44 
Duckhorn Merlot,$38.99 
Duckhorn sauvigon blanc,$20.29 
Dumol pinot noir,$67.50 
Dunnewood Dry Silk Chardonnay,$8.75 
E&J  Brandy 1L,$9.05 
Effen Black Cherry,$24.42 
El Tesoro Platinum 750ml,$35.81 
ElyssiaGran Cuvee,$22.99 
ENCHANTED ROCK VODKA,$15.09 
Erath Pinot Gris,$11.24 
Erath Pinot Noir,$14.24 
Estancia Pinnacles Monterey Pinot Noir,$9.99 
Etude cabernet sauvigon,$60.00 
Etude Carneros Pinot Noir,$25.00 
Far Niente Napa Cabernet,$85.00 
Far Niente Napa Chardonnay,$32.00 
Fat Tire Amber Ale 12oz Btl,$1.13 
Finlandia Vodka 1L,$24.43 
Fisheye Pinot Grigio,$4.19 
Flora Springs Chardonnay,$13.99 
Flora Springs Soliloquy,$18.74 
Folie a De chardonnay,$11.00 
Folie … Deux Cabernet,$16.50 
Folie A Deux Menage a Trois Red,$7.49 
Folie a Deux merlot,$11.00 
Fonseca 10yr Tawny Porto,$22.49 
Fonseca 20yr Port,$38.99 
Fonseca Bin 27 Port,$13.74 
Fonseca Tawny Port,$38.49 
Franciscan Oakville Estate Merlot,$13.99 
Franciscan Oakville Napa Cabernet,$15.00 
Franciscan Oakville Napa Valley Chardonnay,$11.00 
Frangelico Liqueur 750ml,$20.54 
french spk cider 750ml,$4.90 
Full Moon real ale,$1.04 
Fuzzy's Vodka,$26.18 
Gallo Extra Dry Vermouth 750ml,$4.49 
Gallo Sweet Vermouth 750ml,$4.49 
Gekkeikan Plum Wine,$9.74 
Gentleman Jack Ltr,$21.86 
Glenfarclas 12yr Scotch 750ml,$42.59 
GLENFIDDICH,$41.41 
Glenfiddich Solera Reserve Scotch 750ml,$41.34 
Glenlivet 12yr Scotch 1L,$38.70 
Glenlivet 18yr Scotch 1L,$63.18 
Glenmorangie Scotch 750ml,$38.89 
Gloria Ferrer Sonoma Brut,$10.75 
Godiva Dark Chocolate 750ml,$23.36 
Godiva White Chocolate 750ml,$22.96 
Goldschlager 1L,$25.05 
Gosling's Black Seal Rum 750ml,$16.77 
Graffigna malbec rsv,$8.95 
Grand Marnier 1L,$35.40 
Grand Marnier 50ml,$1.85 
Grey Goose Le Poire 1L,$32.21 
Grey Goose L'Orange 1L,$32.21 
Grey Goose Vodka 1L,$31.28 
Grey Goose Vodka 375 ml,$0.00 
Guinness 12oz Btl,$1.29 
Hanna cabernet sauvigon,$22.49 
Hanna Russian River Sauvignon Blanc,$12.75 
Harveys Bristol Cream,$13.62 
Heineken 12oz Btl,$1.17 
Hendrick's Gin 1L,$31.96 
Hennessy VS Cognac 1L,$35.93 
Hennessy VSOP Cognac 750ml,$33.66 
Herradura Blanco,$33.70 
Herradura Reposado Tequila 750ml,$34.40 
Hiram Walker Coffee Brandy 1L,$8.83 
Hiram Walker Orange Curacao 750ml,$7.64 
Hypnotic,$21.11 
I'M Mondavi Chard,$11.99 
Inver House Scotch 1L,$11.49 
irish mist,$20.73 
Iron Horse,$21.57 
J & B Rare 375ml,$12.06 
J & B Scotch 1L,$24.52 
J Lohr Estates Los Osos Merlot,$8.25 
Jack Daniels 375ml,$8.38 
Jack Daniels Black 1L,$22.00 
Jackson-Triggs Grand Reserve Gewurztraminer Icewine 375ml,$13.99 
Jagermeister 1L,$20.59 
Jameson Irish Whiskey 750ml,$20.85 
jeremiah bourbon whiskey,$14.39 
jeremiah sweet peach tea,$22.09 
Jim Beam 1L,$13.59 
Johnnie Walker Black 1L,$35.29 
Johnnie Walker Blue 750ml,$187.49 
Johnnie Walker Green 750ml,$46.14 
Johnnie Walker Red 1L,$25.73 
Johnny Walker Black 375ml,$15.44 
Jordan Cabernet Saunignon Alexander,$35.00 
Joseph Drouhin Bourgogne Laforet Pinot Noir,$12.49 
Joseph Phelps Insignia Napa MV,$145.59 
Juarez Triple Sec 1L,$3.70 
Kahlua 1L,$23.03 
Kendall-Jackson Vintner's Reserve Chardonnay,$9.25 
Ketel One 1L,$24.80 
Ketel One 50ml,$1.67 
Ketel One Citroen 1L,$25.61 
Kim Crawford Marlborough Sauvingnon Blanc,$13.00 
Kistler chardonnay,$50.50 
Klinker Brick Zinfandelo,$13.49 
Knob Creek 750ml,$24.13 
Kunde Estate Century Vines Zinfandel,$23.79 
Kunde Estate Sonoma Cabernet,$14.00 
La Crema Sonoma Coast Pinot Noir,$14.50 
Labour‚-Roi Pommard 00,$25.19 
Landmark Grand Detour,$26.99 
Laphroaig 10yr Single Malt 750ml,$37.28 
Laphroaig Quarter Cask,$48.28 
Laurenz V Singing,$13.49 
Level Vodka 750ml,$23.07 
Liquore Amaretto 1L,$5.89 
Los Vascos Chardonnay,$7.54 
Louis Latour Pouilly-Fuisse,$13.40 
Louis M. Martinl cabernet sauvigon,$20.00 
Louis Roederer Cristal Brut,$195.00 
Lyeth Meritage,$11.50 
M Trinchero Merlot,$9.75 
MACALLAN BLEND 12 YEAR,$40.25 
Macallan Fine Oak 15yr 750ml,$62.53 
MACALLAN SPEC 18 YEAR,$114.47 
MacMurray Sonoma Pinot Noir,$18.00 
Maker Mark Mint Julip,$25.64 
Maker's Mark Whisky 1L,$26.39 
Malibu Coconut Rum 1L,$17.11 
Markham Napa Valley Merlot,$15.50 
Marques de Caceres Rioja,$10.20 
Martin Codax,$7.41 
Martini & Rossi Dry Vermouth 1L,$7.64 
Martini & Rossi Dry Vermouth 375ml,$4.56 
Martini & Rossi Dry Vermouth 750ml,$6.10 
Martini & Rossi Sweet Vermouth 750ml,$6.10 
Maso Canali Pinot Grigio,$11.50 
Matua Valley Pinot Noir,$7.00 
Medusa Zinfandel Pig Pen,$12.99 
Mer Soleil Silver Unoaked Chardonnay,$17.00 
messina hof,$21.86 
Metaxa 750ml,$21.16 
Metaxa Ouzo 750ml,$17.08 
Michelob Ultra 12oz Btl,$0.93 
Midori 1L,$19.08 
Miller Genuine Draft 12oz Btl,$0.81 
Miller Lite 12oz Btl,$0.85 
Modelo Especial 12oz Btl,$1.08 
Mo‰t & Chandon Nectar Imperial,$35.00 
Moet & Chandon White Star,$35.00 
Mo‰t & Chandon White Star 375ml,$20.00 
Moet Nectar Imperial  375mm,$18.00 
Mojito Mint Syrup 750ml,$7.42 
Monin Red Sangria Mix,$8.99 
monin watermelon syrup,$8.99 
Montecillo White Rioja,$5.25 
MontGras Ninquen,$27.99 
Mount Gay Eclipse Barbados Rum 1L,$19.66 
Murphy-Goode Alexander Valley Merlot,$11.24 
Murphy-Goode Fume Blanc,$7.25 
Myers's Original Dark Rum 1L,$19.41 
Napa Cellars Chardonnay,$12.00 
Napa cellars merlot,$13.00 
Natura Cabernet Sauvignon,$7.00 
Newton Unfiltered Merlot 01,$31.75 
Newton Unfiltered Napa Cabernet,$38.00 
Nickel & Nickel Suscol Ranch Merlot 03,$29.95 
Nickel & Nickel zinfandel,$29.95 
Nicolas Feuillatte Champagne ,$11.57 
Noilly Prat Dry Vermouth 750ml,$6.28 
OBAN SCOTCH 14 YEAR,$56.85 
O'Doul's N/A Beer 12oz Btl,$0.79 
Ol McGregor Scotch 1L,$8.72 
Old Crow Bourbon 1L,$8.59 
Old Overholt Rye Whiskey 750ml,$9.41 
Opus One Red Wine,$7.29 
oronco rum,$28.64 
Palacios Remondo La Vendimia,$7.80 
Pallini Limoncello 750ml,$24.23 
PAMA,$20.89 
Paraduxx Duckhorn,$35.99 
"Pascual Toso, Malbec",$8.99 
Patron Citronge 1L,$22.13 
Patron Reposado Tequila 750ml,$39.54 
Patron Silver Tequila 750ml,$36.25 
Penfolds Bin 2 Shiraz Mourvedre Cabernet,$9.00 
Penfolds RWT Shiraz,$60.89 
Pernod 750ml,$25.64 
Pighin Friuli Grave Pinot Grigio,$10.49 
Pine Ridge Cabarnet,$29.99 
Pine Ridge Chenin Blanc-Viognier,$8.99 
Plymouth Original Dry Gin 750ml,$23.06 
Quinta do Vesuvio Vintage Port,$30.65 
Railean texas dark rum,$14.50 
Railean texas white rum,$13.49 
Razor's Edge Shiraz,$6.99 
Remy Martin VSOP 750ml,$34.52 
REPUBLIC TEQUILA  ,$15.09 
Retour Pinot Noir,$39.41 
Rio Blanco ale Real ale,$1.04 
Robert Mondavi Coastal Chard,$8.00 
Robert Mondavi Coastal Merlot,$6.66 
Robert Mondavi Coastal Private Selection Fume Blanc,$8.00 
Robert Mondavi Napa Fume Blanc,$14.25 
Robert Mondavi Napa Unfiltered Merlot,$16.49 
Robert Mondavi Private Selection Cabernet,$7.00 
Rock Rabbit Sauvignon Blanc,$7.49 
Rodney Strong Sonoma Cabernet,$11.00 
Romana Black Sambuca 750ml,$22.04 
Romana Sambuca 750ml,$21.20 
Ruinart Blanc de Blanc Champagne,$39.00 
Ruinart Blanc de Blancs 375ml,$18.00 
Rutherford Hill Napa Merlot,$16.00 
Sabra coffee liqueur,$15.16 
salentein malbec,$15.74 
Samuel Adams Boston Lager 12oz,$1.13 
Sandeman Founder's Reserve Port,$16.76 
"Santa Ema, Sauvignon Blanc",$6.74 
Santa Margherita Valdadige Pinot Grigio,$15.75 
santos sangria red,$4.19 
santos sangria white,$4.19 
Sassicaia,$156.80 
Sauza Commemorativo 1L,$23.63 
Sauza Gold Tequila 1L,$16.96 
Sauza Hornitos Reposado 1L,$28.53 
Savvy  texas vodka,$21.05 
Sbragia SFV chardonnay,$30.75 
Seagrams 7,$14.57 
Seagram's VO 1L,$19.26 
Seagram's VO 375ml,$7.33 
Segura Viudas Brut Reserva,$6.50 
Sequoia Grove Napa Valley Cabernet,$25.95 
Shadow  Brook Chardonnay ,$5.30 
Shiner Bock 12oz Btl,$1.09 
Shiner Hefeweizen cs,$1.09 
Silver Birch sauvignon blanc,$8.00 
Silver Oak Napa Valley cabernet sauvigno,$71.83 
Silver Santa Lucia Chardonnay,$0.00 
Simi Alexander Valley Cabernet,$14.50 
Simi Sonoma Reserve Cabernet,$44.99 
Skyy Vodka 1L,$17.49 
smirnoff melon,$15.10 
Smirnoff Twist of Green Apple 1L,$15.10 
Smirnoff Vanilla Twist 1L,$15.10 
Smirnoff Vodka 1L,$13.99 
Sokol Blosser Evolution,$11.00 
Sokol meditrina red,$14.24 
Sonoma-Cutrer Sonoma Coast Chardonnay,$14.00 
Southern Comfort 1L,$17.06 
Spellbound Petite Sirah,$9.74 
St Arnold Amber Ale 12oz Btl,$1.09 
St Germain Liqueur 750ml,$32.07 
St Supery Elu Meritage,$48.74 
St. Pauli Girl 12oz Btl,$1.40 
Stag's Leap Petit Syrah,$25.00 
Stoli Blueberi,$25.40 
Stoli Citros,$24.23 
Stoli Ohranj,$25.40 
Stoli Razberi,$25.40 
Stoli Strasberi,$25.40 
Stolichnaya Premium Vodka,$23.05 
Stone's Original Ginger Wine,$10.99 
Stonestreet Merlot,$19.59 
Sunny Brook Whiskey 1L,$5.45 
sutter home fre red,$4.37 
SVEDKA V CLEMENTINE,$13.50 
Svedka Vodka 1L,$13.17 
Swanson Napa Merlot,$23.99 
Taaka Gin 750ml,$4.68 
Taittinger Brut,$36.74 
talijancich 10 yr solera,$15.29 
Talisker 10yr Single Malt Scotch 750ml,$53.82 
Tangueray 10 Gin 1L,$28.77 
Tanqueray Gin 1L,$26.41 
Tanqueray Gin 375ml,$10.28 
Taylor Country Cellars Red,$38.99 
Taylor Dry Sherry 1.5L,$8.62 
Taylor Fladgate 10yr Tawny Port,$23.99 
Taylor Fladgate 20yr Tawny Port,$39.74 
Taylor Marsala 1.5L,$6.56 
Taylor New York Wine Port 1.5L,$8.62 
Taylor Tawny Port 750ml,$6.56 
Tequila Rose 750ml,$27.66 
Terra d'Oro Amador Zinfandel,$11.25 
Terrazas de Los Andes Malbec Reserva,$14.00 
Titos Handmade Vodka 1L,$18.17 
Titos Vodka 50mm,$1.51 
torres del duero crianza,$16.99 
Trial of John Montford Caberne Sauvigno,$14.99 
Trinchero Napa Valley Cabernet Sauvignon,$26.94 
Trinchero Petie Verdot,$31.00 
Tuaca 750ml,$19.00 
Two Hands Gnarly Dudes Shiraz,$25.89 
Veev Acai Spirit,$31.09 
Veuve Clicquot La Grande Dame,$120.00 
Veuve Clicquot Yellow Label Ponsardin Brut,$40.50 
Villa Sandi Prosecco Claxa,$11.89 
Villa Sandi Prosecco Fresco,$11.24 
Whitley gin,$28.99 
Wild  Turkey 375,$9.88 
Wild Turkey 101prf 1L,$22.49 
Wild Turkey 80prf 1L,$17.50 
Wild Turkey Rare Breed 750ml,$28.59 
Wolf Blass Yellow Label Shiraz,$7.50 
Woodford Reserve Bourbon 750ml,$25.98 
X-Rated Fusion Liqueur 750ml,$21.64 
Zen Green Tea Liqueur 750ml,$23.98 
,
,
,
,
,
,
,
,
,
,
,
,
,
,
,
,
,
,
,
,
,
,
,
,
,
,
,
,
,
,
,
,
,
,
,
,
,
,
,
